Workbook

Sheet Dashboard
A1: Bird Safety Incident Dashboard
A2: All figures are live formulas on the Log sheet.
A5: Total incidents | B5: =COUNTA(Log!B5:B1000)
A6: Closed | B6: =COUNTIF(Log!$BF$5:$BF$1000,"Closed")
A7: Not closed | B7: =COUNTIF(Log!$BF$5:$BF$1000,"Not closed")
A8: Serious (A+B) | B8: =COUNTIF(Log!$BE$5:$BE$1000,"CAT-A")+COUNTIF(Log!$BE$5:$BE$1000,"CAT-B")
A9: Closure rate | B9: =IFERROR(B6/B5,0)

Sheet Log
A1: HO
A2: Form Ref: SMS/F/06 | Auto Serial No. activates when any data is entered | Use dropdowns for classification columns
A3: PART-A | INCIDENT DETAILS | H3: PERSON INVOLVED | L3: REPORTING PERSON DETAILS | R3: INCIDENT BRIEF & IMMEDIATE ACTION | T3: AIRCRAFT DETAILS | AA3: CLASSIFICATION | AD3: CONDITIONS AT TIME OF INCIDENT | AG3: PART-B | INVESTIGATION | AM3: NARRATIVE, ROOT CAUSE & ACTIONS | AS3: INJURY & DG DETAILS | AV3: GSE / EQUIPMENT DETAILS | BA3: STATUS
A4: S.No. | B4: Incident Title | C4: GHR No. | D4: Date of Incident | E4: Reporting Date | F4: Time of Incident | G4: Location of Incident | H4: Person Involved | I4: Designation / Company | J4: Staff No. | K4: Contact No. | L4: Reporting Name | M4: Rpt. Desig./Company | N4: Incident Reported To | O4: Shift Timing | P4: Rpt. Person Involved? | Q4: Role / Detail | R4: Incident Brief | S4: Immediate Action Taken | T4: Flight No. | U4: A/C Type | V4: Routing | W4: A/C Registration | X4: ATA (LT) | Y4: ATD (LT) | Z4: Delay Code / Diverted | AA4: Department Involved | AB4: Operational Phase | AC4: Incident Type | AD4: Weather | AE4: Surface Condition | AF4: Lighting | AG4: Incident Category | AH4: Hazard Identified | AI4: Investigated By | AJ4: Investigation Date | AK4: Contributing Factor Cat. | AL4: Contributing Factor | AM4: Root Cause | AN4: Corrective Action | AO4: Preventive Action | AP4: Action By | AQ4: Action Date | AR4: Investigation Closure | AS4: Injured Person Name | AT4: Injury Type | AU4: DG Details (if any) | AV4: GSE / Equipment Type | AW4: Equipment No. | AX4: Equipment Owner | AY4: Correct Equip. Used? | AZ4: Equipment Damage | BA4: Status | BB4: Station | BD4: H_Station | BE4: H_Category | BF4: H_Status | BG4: H_Type1 | BH4: H_Type2 | BI4: H_Dept1 | BJ4: H_Dept2 | BK4: H_Month

Sheet Station
A1: Incidents by station
A2: Counts are formulas on the Log sheet. Click a name to jump to its first incident.
A4: Item | B4: Incidents | C4: % of incidents
A5: DEL | B5: =COUNTIF(Log!$BD$5:$BD$1000,A5) | C5: =IFERROR(B5/Dashboard!$B$5,0) | D5: =IFERROR(HYPERLINK("#Log!A"&(MATCH(A5,Log!$BD$5:$BD$1000,0)+4),"Open in log"),"")
A6: TRV | B6: =COUNTIF(Log!$BD$5:$BD$1000,A6) | C6: =IFERROR(B6/Dashboard!$B$5,0) | D6: =IFERROR(HYPERLINK("#Log!A"&(MATCH(A6,Log!$BD$5:$BD$1000,0)+4),"Open in log"),"")
A7: BLR | B7: =COUNTIF(Log!$BD$5:$BD$1000,A7) | C7: =IFERROR(B7/Dashboard!$B$5,0) | D7: =IFERROR(HYPERLINK("#Log!A"&(MATCH(A7,Log!$BD$5:$BD$1000,0)+4),"Open in log"),"")
A8: COK | B8: =COUNTIF(Log!$BD$5:$BD$1000,A8) | C8: =IFERROR(B8/Dashboard!$B$5,0) | D8: =IFERROR(HYPERLINK("#Log!A"&(MATCH(A8,Log!$BD$5:$BD$1000,0)+4),"Open in log"),"")
A9: MAA | B9: =COUNTIF(Log!$BD$5:$BD$1000,A9) | C9: =IFERROR(B9/Dashboard!$B$5,0) | D9: =IFERROR(HYPERLINK("#Log!A"&(MATCH(A9,Log!$BD$5:$BD$1000,0)+4),"Open in log"),"")
A10: HYD | B10: =COUNTIF(Log!$BD$5:$BD$1000,A10) | C10: =IFERROR(B10/Dashboard!$B$5,0) | D10: =IFERROR(HYPERLINK("#Log!A"&(MATCH(A10,Log!$BD$5:$BD$1000,0)+4),"Open in log"),"")
A11: Unknown | B11: =COUNTIF(Log!$BD$5:$BD$1000,A11) | C11: =IFERROR(B11/Dashboard!$B$5,0) | D11: =IFERROR(HYPERLINK("#Log!A"&(MATCH(A11,Log!$BD$5:$BD$1000,0)+4),"Open in log"),"")
A12: Total | B12: =SUM(B5:B11)

Sheet Category
A1: Incidents by category
A2: Counts are formulas on the Log sheet. Click a name to jump to its first incident.
A4: Item | B4: Incidents | C4: % of incidents
A5: CAT-A | B5: =COUNTIF(Log!$BE$5:$BE$1000,A5) | C5: =IFERROR(B5/Dashboard!$B$5,0) | D5: =IFERROR(HYPERLINK("#Log!A"&(MATCH(A5,Log!$BE$5:$BE$1000,0)+4),"Open in log"),"")
A6: CAT-B | B6: =COUNTIF(Log!$BE$5:$BE$1000,A6) | C6: =IFERROR(B6/Dashboard!$B$5,0) | D6: =IFERROR(HYPERLINK("#Log!A"&(MATCH(A6,Log!$BE$5:$BE$1000,0)+4),"Open in log"),"")
A7: CAT-C | B7: =COUNTIF(Log!$BE$5:$BE$1000,A7) | C7: =IFERROR(B7/Dashboard!$B$5,0) | D7: =IFERROR(HYPERLINK("#Log!A"&(MATCH(A7,Log!$BE$5:$BE$1000,0)+4),"Open in log"),"")
A8: CAT-D | B8: =COUNTIF(Log!$BE$5:$BE$1000,A8) | C8: =IFERROR(B8/Dashboard!$B$5,0) | D8: =IFERROR(HYPERLINK("#Log!A"&(MATCH(A8,Log!$BE$5:$BE$1000,0)+4),"Open in log"),"")
A9: NIL | B9: =COUNTIF(Log!$BE$5:$BE$1000,A9) | C9: =IFERROR(B9/Dashboard!$B$5,0) | D9: =IFERROR(HYPERLINK("#Log!A"&(MATCH(A9,Log!$BE$5:$BE$1000,0)+4),"Open in log"),"")
A10: Not set | B10: =COUNTIF(Log!$BE$5:$BE$1000,A10) | C10: =IFERROR(B10/Dashboard!$B$5,0) | D10: =IFERROR(HYPERLINK("#Log!A"&(MATCH(A10,Log!$BE$5:$BE$1000,0)+4),"Open in log"),"")
A11: Total | B11: =SUM(B5:B10)

Sheet Type
A1: Incidents by type (an incident can have 2 types)
A2: Counts are formulas on the Log sheet. Click a name to jump to its first incident.
A4: Item | B4: Incidents | C4: % of incidents
A5: GSE Damage | B5: =COUNTIF(Log!$BG$5:$BG$1000,A5)+COUNTIF(Log!$BH$5:$BH$1000,A5) | C5: =IFERROR(B5/Dashboard!$B$5,0) | D5: =IFERROR(HYPERLINK("#Log!A"&(MATCH(A5,Log!$BG$5:$BG$1000,0)+4),"Open in log"),"")
A6: Collision/Impact | B6: =COUNTIF(Log!$BG$5:$BG$1000,A6)+COUNTIF(Log!$BH$5:$BH$1000,A6) | C6: =IFERROR(B6/Dashboard!$B$5,0) | D6: =IFERROR(HYPERLINK("#Log!A"&(MATCH(A6,Log!$BG$5:$BG$1000,0)+4),"Open in log"),"")
A7: Staff Injury | B7: =COUNTIF(Log!$BG$5:$BG$1000,A7)+COUNTIF(Log!$BH$5:$BH$1000,A7) | C7: =IFERROR(B7/Dashboard!$B$5,0) | D7: =IFERROR(HYPERLINK("#Log!A"&(MATCH(A7,Log!$BG$5:$BG$1000,0)+4),"Open in log"),"")
A8: Near Miss | B8: =COUNTIF(Log!$BG$5:$BG$1000,A8)+COUNTIF(Log!$BH$5:$BH$1000,A8) | C8: =IFERROR(B8/Dashboard!$B$5,0) | D8: =IFERROR(HYPERLINK("#Log!A"&(MATCH(A8,Log!$BG$5:$BG$1000,0)+4),"Open in log"),"")
A9: Dropped Unit/Load | B9: =COUNTIF(Log!$BG$5:$BG$1000,A9)+COUNTIF(Log!$BH$5:$BH$1000,A9) | C9: =IFERROR(B9/Dashboard!$B$5,0) | D9: =IFERROR(HYPERLINK("#Log!A"&(MATCH(A9,Log!$BG$5:$BG$1000,0)+4),"Open in log"),"")
A10: ULD Handling | B10: =COUNTIF(Log!$BG$5:$BG$1000,A10)+COUNTIF(Log!$BH$5:$BH$1000,A10) | C10: =IFERROR(B10/Dashboard!$B$5,0) | D10: =IFERROR(HYPERLINK("#Log!A"&(MATCH(A10,Log!$BG$5:$BG$1000,0)+4),"Open in log"),"")
A11: A/C Damage | B11: =COUNTIF(Log!$BG$5:$BG$1000,A11)+COUNTIF(Log!$BH$5:$BH$1000,A11) | C11: =IFERROR(B11/Dashboard!$B$5,0) | D11: =IFERROR(HYPERLINK("#Log!A"&(MATCH(A11,Log!$BG$5:$BG$1000,0)+4),"Open in log"),"")
A12: Non-compliance | B12: =COUNTIF(Log!$BG$5:$BG$1000,A12)+COUNTIF(Log!$BH$5:$BH$1000,A12) | C12: =IFERROR(B12/Dashboard!$B$5,0) | D12: =IFERROR(HYPERLINK("#Log!A"&(MATCH(A12,Log!$BG$5:$BG$1000,0)+4),"Open in log"),"")
A13: Slip/Trip | B13: =COUNTIF(Log!$BG$5:$BG$1000,A13)+COUNTIF(Log!$BH$5:$BH$1000,A13) | C13: =IFERROR(B13/Dashboard!$B$5,0) | D13: =IFERROR(HYPERLINK("#Log!A"&(MATCH(A13,Log!$BG$5:$BG$1000,0)+4),"Open in log"),"")
A14: Fire | B14: =COUNTIF(Log!$BG$5:$BG$1000,A14)+COUNTIF(Log!$BH$5:$BH$1000,A14) | C14: =IFERROR(B14/Dashboard!$B$5,0) | D14: =IFERROR(HYPERLINK("#Log!A"&(MATCH(A14,Log!$BG$5:$BG$1000,0)+4),"Open in log"),"")
A15: Other | B15: =COUNTIF(Log!$BG$5:$BG$1000,A15)+COUNTIF(Log!$BH$5:$BH$1000,A15) | C15: =IFERROR(B15/Dashboard!$B$5,0) | D15: =IFERROR(HYPERLINK("#Log!A"&(MATCH(A15,Log!$BG$5:$BG$1000,0)+4),"Open in log"),"")
A16: Other Agency GSE Damage | B16: =COUNTIF(Log!$BG$5:$BG$1000,A16)+COUNTIF(Log!$BH$5:$BH$1000,A16) | C16: =IFERROR(B16/Dashboard!$B$5,0) | D16: =IFERROR(HYPERLINK("#Log!A"&(MATCH(A16,Log!$BG$5:$BG$1000,0)+4),"Open in log"),"")
... A18: Not set | B18: =COUNTIF(Log!$BG$5:$BG$1000,A18)+COUNTIF(Log!$BH$5:$BH$1000,A18) | C18: =IFERROR(B18/Dashboard!$B$5,0) | D18: =IFERROR(HYPERLINK("#Log!A"&(MATCH(A18,Log!$BG$5:$BG$1000,0)+4),"Open in log"),"")
A19: Total | B19: =SUM(B5:B18)

Sheet Department
A1: Incidents by department (an incident can have 2)
A2: Counts are formulas on the Log sheet. Click a name to jump to its first incident.
A4: Item | B4: Incidents | C4: % of incidents
A5: RAMP | B5: =COUNTIF(Log!$BI$5:$BI$1000,A5)+COUNTIF(Log!$BJ$5:$BJ$1000,A5) | C5: =IFERROR(B5/Dashboard!$B$5,0) | D5: =IFERROR(HYPERLINK("#Log!A"&(MATCH(A5,Log!$BI$5:$BI$1000,0)+4),"Open in log"),"")
A6: GSD | B6: =COUNTIF(Log!$BI$5:$BI$1000,A6)+COUNTIF(Log!$BJ$5:$BJ$1000,A6) | C6: =IFERROR(B6/Dashboard!$B$5,0) | D6: =IFERROR(HYPERLINK("#Log!A"&(MATCH(A6,Log!$BI$5:$BI$1000,0)+4),"Open in log"),"")
A7: GSE Maintenance | B7: =COUNTIF(Log!$BI$5:$BI$1000,A7)+COUNTIF(Log!$BJ$5:$BJ$1000,A7) | C7: =IFERROR(B7/Dashboard!$B$5,0) | D7: =IFERROR(HYPERLINK("#Log!A"&(MATCH(A7,Log!$BI$5:$BI$1000,0)+4),"Open in log"),"")
A8: PAX | B8: =COUNTIF(Log!$BI$5:$BI$1000,A8)+COUNTIF(Log!$BJ$5:$BJ$1000,A8) | C8: =IFERROR(B8/Dashboard!$B$5,0) | D8: =IFERROR(HYPERLINK("#Log!A"&(MATCH(A8,Log!$BI$5:$BI$1000,0)+4),"Open in log"),"")
A9: NSOP | B9: =COUNTIF(Log!$BI$5:$BI$1000,A9)+COUNTIF(Log!$BJ$5:$BJ$1000,A9) | C9: =IFERROR(B9/Dashboard!$B$5,0) | D9: =IFERROR(HYPERLINK("#Log!A"&(MATCH(A9,Log!$BI$5:$BI$1000,0)+4),"Open in log"),"")
A10: Total | B10: =SUM(B5:B9)

Sheet Monthly
A1: Incidents by month
A4: Month | B4: Incidents
A5: 46023 | B5: =COUNTIF(Log!$BK$5:$BK$1000,A5)
A6: 46054 | B6: =COUNTIF(Log!$BK$5:$BK$1000,A6)
A7: 46082 | B7: =COUNTIF(Log!$BK$5:$BK$1000,A7)
A8: 46113 | B8: =COUNTIF(Log!$BK$5:$BK$1000,A8)
A9: 46143 | B9: =COUNTIF(Log!$BK$5:$BK$1000,A9)
A10: 46174 | B10: =COUNTIF(Log!$BK$5:$BK$1000,A10)
A11: 46204 | B11: =COUNTIF(Log!$BK$5:$BK$1000,A11)
A12: 46235 | B12: =COUNTIF(Log!$BK$5:$BK$1000,A12)
A13: 46266 | B13: =COUNTIF(Log!$BK$5:$BK$1000,A13)
